-- Esquema y datos para juego tipo Akinator (Dragon Ball)
-- Generado automáticamente desde src/models/data.json

USE akinator;

SET FOREIGN_KEY_CHECKS=0;
DROP TABLE IF EXISTS respuestas_partida;
DROP TABLE IF EXISTS personaje_pregunta;
DROP TABLE IF EXISTS preguntas;
DROP TABLE IF EXISTS partidas;
DROP TABLE IF EXISTS personajes;
SET FOREIGN_KEY_CHECKS=1;

CREATE TABLE personajes (
  id INT PRIMARY KEY,
  nombre VARCHAR(255) NOT NULL,
  descripcion TEXT,
  imagen_url VARCHAR(512),
  race VARCHAR(64),
  gender VARCHAR(32),
  affiliation VARCHAR(128),
  ki VARCHAR(64),
  maxKi VARCHAR(64)
 ) ENGINE=InnoDB DEFAULT CHARSET=utf8mb4;

CREATE TABLE preguntas (
  id INT PRIMARY KEY,
  texto_pregunta VARCHAR(255) NOT NULL,
  tipo VARCHAR(32) NOT NULL,
  opciones_json TEXT NULL
 ) ENGINE=InnoDB DEFAULT CHARSET=utf8mb4;

CREATE TABLE personaje_pregunta (
  personaje_id INT NOT NULL,
  pregunta_id INT NOT NULL,
  respuesta_esperada VARCHAR(128) NOT NULL,
  PRIMARY KEY (personaje_id, pregunta_id),
  CONSTRAINT fk_pp_personaje FOREIGN KEY (personaje_id) REFERENCES personajes(id) ON DELETE CASCADE,
  CONSTRAINT fk_pp_pregunta FOREIGN KEY (pregunta_id) REFERENCES preguntas(id) ON DELETE CASCADE
 ) ENGINE=InnoDB DEFAULT CHARSET=utf8mb4;

CREATE TABLE partidas (
  id INT AUTO_INCREMENT PRIMARY KEY,
  usuario_id INT NULL,
  personaje_objetivo_id INT NULL,
  estado ENUM('in_progress','completed') NOT NULL DEFAULT 'in_progress',
  estado_json JSON NULL,
  fecha TIMESTAMP DEFAULT CURRENT_TIMESTAMP
 ) ENGINE=InnoDB DEFAULT CHARSET=utf8mb4;

CREATE TABLE respuestas_partida (
  id INT AUTO_INCREMENT PRIMARY KEY,
  partida_id INT NOT NULL,
  pregunta_id INT NOT NULL,
  respuesta_usuario VARCHAR(128) NOT NULL,
  fecha TIMESTAMP DEFAULT CURRENT_TIMESTAMP,
  CONSTRAINT fk_rp_partida FOREIGN KEY (partida_id) REFERENCES partidas(id) ON DELETE CASCADE,
  CONSTRAINT fk_rp_pregunta FOREIGN KEY (pregunta_id) REFERENCES preguntas(id) ON DELETE CASCADE
 ) ENGINE=InnoDB DEFAULT CHARSET=utf8mb4;

INSERT INTO personajes (id, nombre, descripcion, imagen_url, race, gender, affiliation, ki, maxKi) VALUES
(1, 'Goku', 'El protagonista de la serie, conocido por su gran poder y personalidad amigable. Originalmente enviado a la Tierra como un infante volador con la misión de conquistarla. Sin embargo, el caer por un barranco le proporcionó un brutal golpe que si bien casi lo mata, este alteró su memoria y anuló todos los instintos violentos de su especie, lo que lo hizo crecer con un corazón puro y bondadoso, pero conservando todos los poderes de su raza. No obstante, en la nueva continuidad de Dragon Ball se establece que él fue enviado por sus padres a la Tierra con el objetivo de sobrevivir a toda costa a la destrucción de su planeta por parte de Freeza. Más tarde, Kakarot, ahora conocido como Son Goku, se convertiría en el príncipe consorte del monte Fry-pan y líder de los Guerreros Z, así como el mayor defensor de la Tierra y del Universo 7, logrando mantenerlos a salvo de la destrucción en innumerables ocasiones, a pesar de no considerarse a sí mismo como un héroe o salvador.', 'https://dragonball-api.com/characters/goku_normal.webp', 'Saiyan', 'Male', 'Z Fighter', '60.000.000', '90 Septillion'),
(2, 'Vegeta', 'Príncipe de los Saiyans, inicialmente un villano, pero luego se une a los Z Fighters. A pesar de que a inicios de Dragon Ball Z, Vegeta cumple un papel antagónico, poco después decide rebelarse ante el Imperio de Freeza, volviéndose un aliado clave para los Guerreros Z. Con el paso del tiempo llegaría a cambiar su manera de ser, optando por permanecer y vivir en la Tierra para luchar a su lado contra las inminentes adversidades que superar. Junto con Piccolo, él es de los antiguos enemigos de Goku que ha evolucionando al pasar de ser un villano y antihéroe, a finalmente un héroe a lo largo del transcurso de la historia, convirtiéndose así en el deuteragonista de la serie.', 'https://dragonball-api.com/characters/vegeta_normal.webp', 'Saiyan', 'Male', 'Z Fighter', '54.000.000', '19.84 Septillion'),
(3, 'Piccolo', 'Es un namekiano que surgió tras ser creado en los últimos momentos de vida de su padre, siendo su actual reencarnación. Aunque en un principio fue el archienemigo de Son Goku, con el paso del tiempo fue haciéndose menos malvado hasta finalmente convertirse en un ser bondadoso y miembro de los Guerreros Z. A través del tiempo, también comenzó a tomarle cariño a su discípulo Son Gohan, a quien veía como una especie de "vástago" y formando un lazo de amistad con este.', 'https://dragonball-api.com/characters/picolo_normal.webp', 'Namekian', 'Male', 'Z Fighter', '2.000.000', '500.000.000'),
(4, 'Bulma', 'Bulma es la protagonista femenina de la serie manga Dragon Ball y sus adaptaciones al anime Dragon Ball, Dragon Ball Z, Dragon Ball Super y Dragon Ball GT. Es hija del Dr. Brief y su esposa Panchy, hermana menor de Tights y una gran amiga de Son Goku con quien inicia la búsqueda de las Esferas del Dragón. En Dragon Ball Z tuvo a Trunks, primogénito de quien sería su esposo Vegeta, a su hija Bra[3] y su hijo adulto del tiempo alterno Trunks del Futuro Alternativo.', 'https://dragonball-api.com/characters/bulma.webp', 'Human', 'Female', 'Z Fighter', '0', '0'),
(5, 'Freezer', 'Freezer es el tirano espacial y el principal antagonista de la saga de Freezer.', 'https://dragonball-api.com/characters/Freezer.webp', 'Frieza Race', 'Male', 'Army of Frieza', '530.000', '52.71 Septillion'),
(6, 'Zarbon', 'Zarbon es uno de los secuaces de Freezer y un luchador poderoso.', 'https://dragonball-api.com/characters/zarbon.webp', 'Frieza Race', 'Male', 'Army of Frieza', '20.000', '30.000'),
(7, 'Dodoria', 'Dodoria es otro secuaz de Freezer conocido por su brutalidad.', 'https://dragonball-api.com/characters/dodoria.webp', 'Frieza Race', 'Male', 'Army of Frieza', '18.000', '20.000'),
(8, 'Ginyu', 'Ginyu es el líder del la élite de mercenarios de mayor prestigio del Ejército de Freeza, la cual lleva el nombre de Fuerzas Especiales Ginew en su honor[9].', 'https://dragonball-api.com/characters/ginyu.webp', 'Frieza Race', 'Male', 'Army of Frieza', '9.000', '25.000'),
(9, 'Celula', 'Cell conocido como Célula en España, es un bioandroide creado por la computadora del Dr. Gero, quien vino del futuro de la línea 3 con la intención de vengarse de Goku por haber acabado con el Ejército del Listón Rojo, y con ello el sueño de todo villano: dominar el mundo. Es el antagonista principal del Arco de los Androides y Cell.', 'https://dragonball-api.com/characters/celula.webp', 'Android', 'Male', 'Freelancer', '250.000.000', '5 Billion'),
(10, 'Gohan', 'Son Gohanda en su tiempo en España, o simplemente Gohan en Hispanoamérica, es uno de los personajes principales de los arcos argumentales de Dragon Ball Z, Dragon Ball Super y Dragon Ball GT. Es un mestizo entre saiyano y humano terrícola. Es el primer hijo de Son Goku y Chi-Chi, hermano mayor de Son Goten, esposo de Videl y padre de Pan.', 'https://dragonball-api.com/characters/gohan.webp', 'Saiyan', 'Male', 'Z Fighter', '45.000.000', '40 septillion'),
(11, 'Krillin', 'Amigo cercano de Goku y guerrero valiente, es un personaje del manga y anime de Dragon Ball. Es uno de los principales discípulos de Kame-Sen\'nin, Guerrero Z, y el mejor amigo de Son Goku. Es junto a Bulma uno de los personajes de apoyo principales de Dragon Ball, Dragon Ball Z y Dragon Ball Super. Aparece en Dragon Ball GT como personaje secundario. En el Arco de Majin Boo, se retira de las artes marciales, optando por formar una familia, como el esposo de la Androide Número 18 y el padre de Marron.', 'https://dragonball-api.com/characters/Krilin_Universo7.webp', 'Human', 'Male', 'Z Fighter', '1.000.000', '1 Billion'),
(12, 'Tenshinhan', 'Maestro de las artes marciales y miembro de los Z Fighters.  Es un personaje que aparece en el manga y en el anime de Dragon Ball, Dragon Ball Z, Dragon Ball GT y posteriormente en Dragon Ball Super.', 'https://dragonball-api.com/characters/Tenshinhan_Universo7.webp', 'Human', 'Male', 'Z Fighter', '2.400.000', '80.000.000'),
(13, 'Yamcha', 'Luchador que solía ser un bandido del desierto.', 'https://dragonball-api.com/characters/Final_Yamcha.webp', 'Human', 'Male', 'Z Fighter', '1.980.000', '4.000.000'),
(14, 'Chi-Chi', 'Esposa de Goku y madre de Gohan. Es la princesa del Monte Fry-pan siendo la hija de la fallecida reina de esta montaña y el Rey Gyuma, ella terminaría conociendo a Son Goku cuando era tan solo una niña para años más tarde durante su adolescencia ser su esposa y convertirse en la estricta pero amorosa madre de Gohan y Goten.', 'https://dragonball-api.com/characters/ChiChi_DBS.webp', 'Human', 'Female', 'Z Fighter', '0', '0'),
(15, 'Gotenks', ' Gotenks también conocido inicialmente como Gotrunk en el doblaje al español de España, es el resultado de la Danza de la Fusión llevada a cabo correctamente por Goten y Trunks.', 'https://dragonball-api.com/characters/Gotenks_Artwork.webp', 'Saiyan', 'Male', 'Z Fighter', '65.600.000', '34.8 Billion'),
(16, 'Trunks', 'Hijo de Vegeta y Bulma. Es un mestizo entre humano terrícola y Saiyano nacido en la Tierra, e hijo de Bulma y Vegeta, el cual es introducido en el Arco de los Androides y Cell. Más tarde en su vida como joven, se termina convirtiendo en un luchador de artes marciales, el mejor amigo de Son Goten y en el hermano mayor de su hermana Bra.', 'https://dragonball-api.com/characters/Trunks_Buu_Artwork.webp', 'Saiyan', 'Male', 'Z Fighter', '50.000.000', '37.4 septllion'),
(17, 'Master Roshi', 'Maestro de artes marciales y mentor de Goku. Conocido bajo el nombre de Muten Rosh, fue en su momento el terrícola más fuerte de la Tierra, y mucha gente lo recuerda como el "Dios de las Artes Marciales", pero antes de poder ostentar dicho título tuvo que trabajar y estudiar las artes marciales con su maestro Mutaito y su eterno rival Tsuru-Sen\'nin.', 'https://dragonball-api.com/characters/roshi.webp', 'Human', 'Male', 'Z Fighter', '500.000', '350.000.000'),
(18, 'Bardock', 'Es un saiyano de clase baja proveniente del Planeta Vegeta del Universo 7. Pertenece al Ejército Saiyano, que está bajo el liderazgo del Rey Vegeta, y es jefe de su escuadrón durante la anexión del planeta por parte de las fuerzas coloniales del Imperio de Freeza. Él es el esposo de Gine y padre biológico de Kakarotto y Raditz.', 'https://dragonball-api.com/characters/Bardock_Artwork.webp', 'Saiyan', 'Male', 'Z Fighter', '450.000', '180.000.000'),
(19, 'Launch', 'Personaje que sufre cambios de personalidad al estornudar. Es uno de los personajes principales del manga Dragon Ball y su anime homónimo; Lunch es una chica que sufre de un trastorno de personalidad doble que a raíz de sus reacciones alérgicas provoca que ella cambie entre dos personalidades diferentes, ninguna de las personalidades recuerda lo que la otra hizo o dijo.', 'https://dragonball-api.com/characters/Lunch_traje_de_sirvienta_en_el_manga.webp', 'Human', 'Female', 'Z Fighter', '0', '0'),
(20, 'Mr. Satan', 'Luchador humano famoso por llevarse el mérito de las victorias de los Guerreros Z.', 'https://dragonball-api.com/characters/Mr_Satan_DBSuper.webp', 'Human', 'Male', 'Other', '450', '5.000'),
(31, 'Babidi', 'Conocido también como Bóbidi o Bábidi, es un poderoso hechicero madoshi, "hijo" del gran mago Bibbidi, fundador de la familia Majin. La "M" que llevan ambos en el cinturón de sus atuendos al igual que la frente de aquellos que han sido poseídos para formar parte de la familia Majin.', 'https://dragonball-api.com/characters/Babidi_Artwork.webp', 'Majin', 'Male', 'Villain', '0', '0'),
(32, 'Majin Buu', 'También conocido como Boo original, es la forma original y pura de Majin-Boo, y la última forma de Boo que aparece en Dragon Ball Z.', 'https://dragonball-api.com/characters/BuuGordo_Universo7.webp', 'Majin', 'Male', 'Villain', '8 Billion', '100 Trillion'),
(33, 'Bills', 'Dios de la Destrucción Beerus, conocido también como Beers, o Bills en Hispanoamérica e inicialmente en España[1], es un personaje que fue introducido en la película Dragon Ball Z: La batalla de los dioses, donde es el antagonista principal de la película, y que aparece en el manga y anime de Dragon Ball Super como un personaje principal. Ocupa el puesto de Dios de la Destrucción de todo el Universo 7 siendo el lugar donde se desarrolla la historia de Dragon Ball.', 'https://dragonball-api.com/characters/Beerus_DBS_Broly_Artwork.webp', 'God', 'Male', 'Other', '102 Billion', '100 septillion'),
(34, 'Whis', 'Whis es uno de los hijos del Gran Sacerdote, hermano menor de Vados, Korn y Kus. Es el ángel guía encargado de asistir y servir como maestro al Dios de la Destrucción del Universo 7, Beerus.', 'https://dragonball-api.com/characters/Whis_DBS_Broly_Artwork.webp', 'Angel', 'Male', 'Assistant of Beerus', '15 septillion', '110 septillion'),
(35, 'Zeno', 'Zeno es el ser supremo del multiverso y tiene un poder abrumador .El Rey de Todo, también conocido como Zen Oo (Zeno Sama en España y Zen Oo Sama en Hispanoamerica) y apodado por Son Goku como Todito (全ぜんちゃん, Zen-chan), es el gobernante y dios absoluto de todos los universos y el máximo soberano de todo lo existente en Dragon Ball.', 'https://dragonball-api.com/characters/Zeno_Artwork.webp', 'Unknown', 'Male', 'Other', '500 Septillion', '500 Septillion'),
(37, 'Kibito-Shin', 'es la fusión entre Shin y Kibito. Ellos fueron unidos permanentemente mediante el uso de los míticos pendientes Pothala. Está actualmente separado gracias a un deseo concedido por las Esferas del Dragón namekianas.', 'https://dragonball-api.com/characters/Kibito_shin_Artwork.webp', 'God', 'Male', 'Other', '3.2 Billion', '3.2 Billion'),
(38, 'Jiren', 'Jiren es un poderoso luchador del Universo 11 y uno de los oponentes más formidables en el torneo.', 'https://dragonball-api.com/characters/Jiren.webp', 'Jiren Race', 'Male', 'Pride Troopers', '121 Quintillion', '12.1 Septillion'),
(39, 'Toppo', 'Toppo es el líder de las Tropas del Orgullo, guerreros de la justicia del Universo 11 que actúan como protectores de la paz y superhéroes del bien. Él ha sido entrenado por el ángel guía Marcarita, convirtiéndose así en un candidato como futuro Dios de la Destrucción en su universo.', 'https://dragonball-api.com/characters/Toppo.webp', 'God', 'Male', 'Pride Troopers', '99 Quadrillion', '7.5 Sextillion'),
(40, 'Dyspo', 'Dyspo es uno de los miembros del Equipo Universo 11 como uno de los soldados más poderosos de las Tropas del Orgullo junto con Jiren y su líder Toppo.', 'https://dragonball-api.com/characters/Dispo_render.webp', 'God', 'Male', 'Pride Troopers', '50 Trillion', '150 Quintillion'),
(42, 'Marcarita ', 'Marcarita es el ángel guía del Universo 11, sirviente y maestra de artes marciales del Dios de la Destrucción Vermoud. Es un personaje de la Arco de la Supervivencia Universal de Dragon Ball Super.', 'https://dragonball-api.com/characters/Marcarita.webp', 'Angel', 'Female', 'Assistant of Vermoud', '10 septillion', '99.5 septillion'),
(43, 'Vermoudh', 'Es el individuo que actualmente ostenta el cargo de Dios de la Destrucción en el Universo 11, puesto que obtuvo tras abandonar su membresía como Soldado del Orgullo dentro de las Tropas del Orgullo.', 'https://dragonball-api.com/characters/Vermoud.webp', 'God', 'Male', 'Pride Troopers', '9.9 Septillion', '100 septillion'),
(44, 'Grand Priest ', 'El Gran Sacerdote es el supervisor del torneo y uno de los seres más poderosos. Gran Ministro de los Omni-Reyes , es un ángel que actúa como asesor cercano y figura guía de Zenón y del Futuro Zenón . De vez en cuando hace cumplir los Decretos Divinos de los Zenos y da la bienvenida a los invitados a su palacio . El Gran Ministro es también padre de trece Ángeles, de los cuales doce sirven a los Dioses de la Destrucción . Por su posición y poder, es quizás el segundo ser más fuerte del Multiverso .', 'https://dragonball-api.com/characters/Grand priest.webp', 'Angel', 'Male', 'Other', '969 Googolplex', '969 Googolplex'),
(63, 'Kaio del norte (Kaito)', 'Se trata del dios encargado de administrar las Galaxias del Norte, el cuadrante boreal del Universo 7 y supervisar a los dioses de los planetas de dicho sector (como es el caso de Kami en la Tierra)', 'https://dragonball-api.com/characters/Kaio_del_Norte.webp', 'Nucleico benigno', 'Male', 'Other', '6.000', '6.000'),
(64, 'Android 18', 'Es la hermana melliza del Androide Número 17 y una "androide" creada a partir de una base humana por el Dr. Gero con el único fin de destruir a Goku.', 'https://dragonball-api.com/characters/Androide_18_Artwork.webp', 'Android', 'Female', 'Z Fighter', '280,000,000', '300,000,000'),
(65, 'Gogeta', 'Gogeta es la fusión resultante de Son Goku y Vegeta, cuando realizan la Danza de la Fusión correctamente para enfrentarse a Broly. Su voz es una voz dual que contiene las voces de Goku y Vegeta. Junto con el poder todopoderoso de los dos, con la astucia y perspicacia de Vegeta, y la habilidad pródiga de las artes marciales de Goku, es uno de los guerreros más temibles para desafiar a una pelea.', 'https://dragonball-api.com/transformaciones/gogeta.webp', 'Saiyan', 'Male', 'Z Fighter', '250 Billion', '15 septillion'),
(66, 'Vegetto', 'Vegetto es el personaje más fuerte dentro del manga original y uno de los personajes más poderosos de toda la serie en general. Su poder es el resultado del máximo poder combinado de Goku y Vegeta, multiplicado varias veces su fuerza, siendo una de las fusiones más poderosas dentro de la franquicia.', 'https://dragonball-api.com/transformaciones/Vegetto.webp', 'Saiyan', 'Male', 'Z Fighter', '180 Billion', '10.8 Septillion'),
(67, 'Janemba', 'Janemba es un demonio de pura maldad y gran poder maligno. Creado a partir de las acciones de un adolescente ogro llamado Psyche Oni, quien era el responsable de vigilar la máquina purificadora de almas, la cual explota como consecuencia de la falta de cuidado del ogro, las almas malignas terminan por usar como huésped su cuerpo, creando así a este demonio.', 'https://dragonball-api.com/transformaciones/Janemba_artwork_SDBH.webp', 'Evil', 'Male', 'Other', '15 Billion', '75 Billion'),
(68, 'Broly', 'Broly es un Saiyajin que posee un poder gigantesco e incontrolable, el cual se manifiesta en toda su magnitud cuando se convierte en el Super Saiyajin Legendario. Incluso cuando apenas era un bebé su nivel de poder alcanzaba cifras inmensas que provocaban asombro y preocupación entre los de su raza', 'https://dragonball-api.com/transformaciones/Broly_DBS_Base.webp', 'Saiyan', 'Male', 'Other', '7 quadrillion', '11.2 Septillion'),
(69, 'Kaio del Sur', 'El Kaio del Sur es la única referencia que tenemos de los otros dioses Kaiō en el manga, más allá del Kaiō Sama Norte ya que es el único Kaiō, junto con el Kaiō del Norte, en aparecer en el manga, y uno de los cuatro que aparecen en el anime, junto al Gran Kaio.', 'https://dragonball-api.com/characters/Kaio_del_sur_cuerpo_completo.webp', 'Nucleico benigno', 'Male', 'Other', 'unknown', 'unknown'),
(70, 'Kaio del este', 'La Kaiō del Este es una Kaio que solo aparece en el anime. Le gustan los retos y de entrenar duramente a sus discípulos, que destacan por ser guerreros muy veloces, siendo el ejemplo más claro Chapuchai.', 'https://dragonball-api.com/characters/kaio del este.webp', 'Nucleico benigno', 'Female', 'Other', 'unknown', 'unknown'),
(71, 'Kaio del Oeste', 'El Kaiō del Oeste es el rival del Kaio del Norte. Y como dice su nombre, el controla la galaxia del Oeste.', 'https://dragonball-api.com/characters/Kaio del oeste.webp', 'Nucleico benigno', 'Male', 'Other', 'unknown', 'unknown'),
(72, 'Gran Kaio', 'Gran Kaio es el Kaio de mayor importancia del Otro Mundo y es el Dios que se encarga de administrar a los demás Kaiō para que se ocupen de cuyos sectores de la Galaxia. Su apariencia es la de un anciano con una barba larga y muy canosa, remarcada por unas gafas oscuras que nunca se quita en la serie. Cuenta con su propio planeta, el Planeta del Gran Kaio, en el cual la gravedad es 10 veces mayor a la del planeta Tierra.', 'https://dragonball-api.com/characters/Gran_kaio_sama12.webp', 'Nucleico benigno', 'Male', 'Other', 'unknown', 'unknown'),
(73, 'Kaio-shin del Este', 'Es uno de los Kaio-shin, los dioses de la creación que se encargan de crear vida en todo el Universo 7 y protegerlo de amenazas supremas. Anteriormente solía hacerse cargo de proteger la zona este del universo, ya que después de la muerte de los otros Kaio-shin a manos de Majin-Boo, se convirtió en el Kaio-shin principal del Universo 7.', 'https://dragonball-api.com/characters/Kaio-shin_del_este_Artwork.webp', 'Nucleico', 'Male', 'Other', 'unknown', 'unknown'),
(74, 'Kaio-shin del Norte', 'El Kaiō-shin del Norte es otro de los Kaiō-shin que vivió junto a el resto de los Kaio-shin y Dai Kaio-shin hace 5 millones de años, y que luchó contra Majin Boo.', 'https://dragonball-api.com/characters/Kaio-shin del norte.webp', 'Nucleico', 'Male', 'Other', 'unknown', 'unknown'),
(75, 'Kaio-shin del Sur', 'El Kaio-shin del Sur fue el gobernante del cuadrante sur del universo y era el más poderoso entre los Kaio-shin.', 'https://dragonball-api.com/characters/Kaio-shin_del_Sur_Dokkan.webp', 'Nucleico', 'Male', 'Other', 'unknown', 'unknown'),
(76, 'Kaio-shin del Oeste', 'La Kaiō-shin del Oeste es una Kaio-shin, que vivió junto a sus compañeros, fue la primera en morir en la terrible batalla librada contra Majin Boo hace 5 millones de años.', 'https://dragonball-api.com/characters/Kaio-shin_del_Oeste_Dokkan.webp', 'Nucleico benigno', 'Female', 'Other', 'unknown', 'unknown'),
(77, 'Gran Kaio-shin', 'El Gran Kaio-shin, conocido también como Sagrado Kaiosama en Hispanoamérica, era el Kaio-shin principal del Universo 7 y supervisor de los otros Kaio-shin del mismo universo. Tras ser absorbido por Majin Boo, el Gran Kaio-shin del Universo 7 se convirtió en la faceta más dominante en Boo Gordo, aún viviendo actualmente dentro de su cuerpo a través de su espíritu.', 'https://dragonball-api.com/characters/Gran_Kaio-shin_Artwork.webp', 'Nucleico benigno', 'Male', 'Other', 'unknown', 'unknown'),
(78, 'Kibito', 'Kibito es el ayudante y guardaespaldas del Kaio-shin del Este. Es un experto combatiente y con ciertos poderes curativos y mágicos como corresponde a su función. Su técnica más conocida es el Kai-Kai.', 'https://dragonball-api.com/characters/Kibito_Artwork.webp', 'Nucleico', 'Male', 'Other', 'unknown', 'unknown');

INSERT INTO preguntas (id, texto_pregunta, tipo, opciones_json) VALUES
(1, '¿Pertenece a la raza Saiyan?', 'yes_no', NULL),
(2, '¿Pertenece a la raza Human?', 'yes_no', NULL),
(3, '¿Pertenece a la raza Nucleico benigno?', 'yes_no', NULL),
(4, '¿Pertenece a la raza God?', 'yes_no', NULL),
(5, '¿Pertenece a la raza Other?', 'yes_no', NULL),
(6, '¿Es mujer?', 'yes_no', NULL),
(7, '¿Forma parte de Other?', 'yes_no', NULL),
(8, '¿Forma parte de Z Fighter?', 'yes_no', NULL),
(9, '¿Forma parte de Army of Frieza?', 'yes_no', NULL),
(10, '¿Forma parte de Pride Troopers?', 'yes_no', NULL),
(11, '¿Es un Ángel o un Dios de la Destrucción?', 'yes_no', NULL);

INSERT INTO personaje_pregunta (personaje_id, pregunta_id, respuesta_esperada) VALUES
(1, 1, 'sí'),
(1, 2, 'no'),
(1, 3, 'no'),
(1, 4, 'no'),
(1, 5, 'no'),
(1, 6, 'no'),
(1, 7, 'no'),
(1, 8, 'sí'),
(1, 9, 'no'),
(1, 10, 'no'),
(1, 11, 'no'),
(2, 1, 'sí'),
(2, 2, 'no'),
(2, 3, 'no'),
(2, 4, 'no'),
(2, 5, 'no'),
(2, 6, 'no'),
(2, 7, 'no'),
(2, 8, 'sí'),
(2, 9, 'no'),
(2, 10, 'no'),
(2, 11, 'no'),
(3, 1, 'no'),
(3, 2, 'no'),
(3, 3, 'no'),
(3, 4, 'no'),
(3, 5, 'no'),
(3, 6, 'no'),
(3, 7, 'no'),
(3, 8, 'sí'),
(3, 9, 'no'),
(3, 10, 'no'),
(3, 11, 'no'),
(4, 1, 'no'),
(4, 2, 'sí'),
(4, 3, 'no'),
(4, 4, 'no'),
(4, 5, 'no'),
(4, 6, 'sí'),
(4, 7, 'no'),
(4, 8, 'sí'),
(4, 9, 'no'),
(4, 10, 'no'),
(4, 11, 'no'),
(5, 1, 'no'),
(5, 2, 'no'),
(5, 3, 'no'),
(5, 4, 'no'),
(5, 5, 'no'),
(5, 6, 'no'),
(5, 7, 'no'),
(5, 8, 'no'),
(5, 9, 'sí'),
(5, 10, 'no'),
(5, 11, 'no'),
(6, 1, 'no'),
(6, 2, 'no'),
(6, 3, 'no'),
(6, 4, 'no'),
(6, 5, 'no'),
(6, 6, 'no'),
(6, 7, 'no'),
(6, 8, 'no'),
(6, 9, 'sí'),
(6, 10, 'no'),
(6, 11, 'no'),
(7, 1, 'no'),
(7, 2, 'no'),
(7, 3, 'no'),
(7, 4, 'no'),
(7, 5, 'no'),
(7, 6, 'no'),
(7, 7, 'no'),
(7, 8, 'no'),
(7, 9, 'sí'),
(7, 10, 'no'),
(7, 11, 'no'),
(8, 1, 'no'),
(8, 2, 'no'),
(8, 3, 'no'),
(8, 4, 'no'),
(8, 5, 'no'),
(8, 6, 'no'),
(8, 7, 'no'),
(8, 8, 'no'),
(8, 9, 'sí'),
(8, 10, 'no'),
(8, 11, 'no'),
(9, 1, 'no'),
(9, 2, 'no'),
(9, 3, 'no'),
(9, 4, 'no'),
(9, 5, 'no'),
(9, 6, 'no'),
(9, 7, 'no'),
(9, 8, 'no'),
(9, 9, 'no'),
(9, 10, 'no'),
(9, 11, 'no'),
(10, 1, 'sí'),
(10, 2, 'no'),
(10, 3, 'no'),
(10, 4, 'no'),
(10, 5, 'no'),
(10, 6, 'no'),
(10, 7, 'no'),
(10, 8, 'sí'),
(10, 9, 'no'),
(10, 10, 'no'),
(10, 11, 'no'),
(11, 1, 'no'),
(11, 2, 'sí'),
(11, 3, 'no'),
(11, 4, 'no'),
(11, 5, 'no'),
(11, 6, 'no'),
(11, 7, 'no'),
(11, 8, 'sí'),
(11, 9, 'no'),
(11, 10, 'no'),
(11, 11, 'no'),
(12, 1, 'no'),
(12, 2, 'sí'),
(12, 3, 'no'),
(12, 4, 'no'),
(12, 5, 'no'),
(12, 6, 'no'),
(12, 7, 'no'),
(12, 8, 'sí'),
(12, 9, 'no'),
(12, 10, 'no'),
(12, 11, 'no'),
(13, 1, 'no'),
(13, 2, 'sí'),
(13, 3, 'no'),
(13, 4, 'no'),
(13, 5, 'no'),
(13, 6, 'no'),
(13, 7, 'no'),
(13, 8, 'sí'),
(13, 9, 'no'),
(13, 10, 'no'),
(13, 11, 'no'),
(14, 1, 'no'),
(14, 2, 'sí'),
(14, 3, 'no'),
(14, 4, 'no'),
(14, 5, 'no'),
(14, 6, 'sí'),
(14, 7, 'no'),
(14, 8, 'sí'),
(14, 9, 'no'),
(14, 10, 'no'),
(14, 11, 'no'),
(15, 1, 'sí'),
(15, 2, 'no'),
(15, 3, 'no'),
(15, 4, 'no'),
(15, 5, 'no'),
(15, 6, 'no'),
(15, 7, 'no'),
(15, 8, 'sí'),
(15, 9, 'no'),
(15, 10, 'no'),
(15, 11, 'no'),
(16, 1, 'sí'),
(16, 2, 'no'),
(16, 3, 'no'),
(16, 4, 'no'),
(16, 5, 'no'),
(16, 6, 'no'),
(16, 7, 'no'),
(16, 8, 'sí'),
(16, 9, 'no'),
(16, 10, 'no'),
(16, 11, 'no'),
(17, 1, 'no'),
(17, 2, 'sí'),
(17, 3, 'no'),
(17, 4, 'no'),
(17, 5, 'no'),
(17, 6, 'no'),
(17, 7, 'no'),
(17, 8, 'sí'),
(17, 9, 'no'),
(17, 10, 'no'),
(17, 11, 'no'),
(18, 1, 'sí'),
(18, 2, 'no'),
(18, 3, 'no'),
(18, 4, 'no'),
(18, 5, 'no'),
(18, 6, 'no'),
(18, 7, 'no'),
(18, 8, 'sí'),
(18, 9, 'no'),
(18, 10, 'no'),
(18, 11, 'no'),
(19, 1, 'no'),
(19, 2, 'sí'),
(19, 3, 'no'),
(19, 4, 'no'),
(19, 5, 'no'),
(19, 6, 'sí'),
(19, 7, 'no'),
(19, 8, 'sí'),
(19, 9, 'no'),
(19, 10, 'no'),
(19, 11, 'no'),
(20, 1, 'no'),
(20, 2, 'sí'),
(20, 3, 'no'),
(20, 4, 'no'),
(20, 5, 'no'),
(20, 6, 'no'),
(20, 7, 'sí'),
(20, 8, 'no'),
(20, 9, 'no'),
(20, 10, 'no'),
(20, 11, 'no'),
(31, 1, 'no'),
(31, 2, 'no'),
(31, 3, 'no'),
(31, 4, 'no'),
(31, 5, 'no'),
(31, 6, 'no'),
(31, 7, 'no'),
(31, 8, 'no'),
(31, 9, 'no'),
(31, 10, 'no'),
(31, 11, 'no'),
(32, 1, 'no'),
(32, 2, 'no'),
(32, 3, 'no'),
(32, 4, 'no'),
(32, 5, 'no'),
(32, 6, 'no'),
(32, 7, 'no'),
(32, 8, 'no'),
(32, 9, 'no'),
(32, 10, 'no'),
(32, 11, 'no'),
(33, 1, 'no'),
(33, 2, 'no'),
(33, 3, 'no'),
(33, 4, 'sí'),
(33, 5, 'no'),
(33, 6, 'no'),
(33, 7, 'sí'),
(33, 8, 'no'),
(33, 9, 'no'),
(33, 10, 'no'),
(33, 11, 'sí'),
(34, 1, 'no'),
(34, 2, 'no'),
(34, 3, 'no'),
(34, 4, 'no'),
(34, 5, 'no'),
(34, 6, 'no'),
(34, 7, 'no'),
(34, 8, 'no'),
(34, 9, 'no'),
(34, 10, 'no'),
(34, 11, 'sí'),
(35, 1, 'no'),
(35, 2, 'no'),
(35, 3, 'no'),
(35, 4, 'no'),
(35, 5, 'no'),
(35, 6, 'no'),
(35, 7, 'sí'),
(35, 8, 'no'),
(35, 9, 'no'),
(35, 10, 'no'),
(35, 11, 'no'),
(37, 1, 'no'),
(37, 2, 'no'),
(37, 3, 'no'),
(37, 4, 'sí'),
(37, 5, 'no'),
(37, 6, 'no'),
(37, 7, 'sí'),
(37, 8, 'no'),
(37, 9, 'no'),
(37, 10, 'no'),
(37, 11, 'sí'),
(38, 1, 'no'),
(38, 2, 'no'),
(38, 3, 'no'),
(38, 4, 'no'),
(38, 5, 'no'),
(38, 6, 'no'),
(38, 7, 'no'),
(38, 8, 'no'),
(38, 9, 'no'),
(38, 10, 'sí'),
(38, 11, 'no'),
(39, 1, 'no'),
(39, 2, 'no'),
(39, 3, 'no'),
(39, 4, 'sí'),
(39, 5, 'no'),
(39, 6, 'no'),
(39, 7, 'no'),
(39, 8, 'no'),
(39, 9, 'no'),
(39, 10, 'sí'),
(39, 11, 'sí'),
(40, 1, 'no'),
(40, 2, 'no'),
(40, 3, 'no'),
(40, 4, 'sí'),
(40, 5, 'no'),
(40, 6, 'no'),
(40, 7, 'no'),
(40, 8, 'no'),
(40, 9, 'no'),
(40, 10, 'sí'),
(40, 11, 'sí'),
(42, 1, 'no'),
(42, 2, 'no'),
(42, 3, 'no'),
(42, 4, 'no'),
(42, 5, 'no'),
(42, 6, 'sí'),
(42, 7, 'no'),
(42, 8, 'no'),
(42, 9, 'no'),
(42, 10, 'no'),
(42, 11, 'sí'),
(43, 1, 'no'),
(43, 2, 'no'),
(43, 3, 'no'),
(43, 4, 'sí'),
(43, 5, 'no'),
(43, 6, 'no'),
(43, 7, 'no'),
(43, 8, 'no'),
(43, 9, 'no'),
(43, 10, 'sí'),
(43, 11, 'sí'),
(44, 1, 'no'),
(44, 2, 'no'),
(44, 3, 'no'),
(44, 4, 'no'),
(44, 5, 'no'),
(44, 6, 'no'),
(44, 7, 'sí'),
(44, 8, 'no'),
(44, 9, 'no'),
(44, 10, 'no'),
(44, 11, 'sí'),
(63, 1, 'no'),
(63, 2, 'no'),
(63, 3, 'sí'),
(63, 4, 'no'),
(63, 5, 'no'),
(63, 6, 'no'),
(63, 7, 'sí'),
(63, 8, 'no'),
(63, 9, 'no'),
(63, 10, 'no'),
(63, 11, 'no'),
(64, 1, 'no'),
(64, 2, 'no'),
(64, 3, 'no'),
(64, 4, 'no'),
(64, 5, 'no'),
(64, 6, 'sí'),
(64, 7, 'no'),
(64, 8, 'sí'),
(64, 9, 'no'),
(64, 10, 'no'),
(64, 11, 'no'),
(65, 1, 'sí'),
(65, 2, 'no'),
(65, 3, 'no'),
(65, 4, 'no'),
(65, 5, 'no'),
(65, 6, 'no'),
(65, 7, 'no'),
(65, 8, 'sí'),
(65, 9, 'no'),
(65, 10, 'no'),
(65, 11, 'no'),
(66, 1, 'sí'),
(66, 2, 'no'),
(66, 3, 'no'),
(66, 4, 'no'),
(66, 5, 'no'),
(66, 6, 'no'),
(66, 7, 'no'),
(66, 8, 'sí'),
(66, 9, 'no'),
(66, 10, 'no'),
(66, 11, 'no'),
(67, 1, 'no'),
(67, 2, 'no'),
(67, 3, 'no'),
(67, 4, 'no'),
(67, 5, 'no'),
(67, 6, 'no'),
(67, 7, 'sí'),
(67, 8, 'no'),
(67, 9, 'no'),
(67, 10, 'no'),
(67, 11, 'no'),
(68, 1, 'sí'),
(68, 2, 'no'),
(68, 3, 'no'),
(68, 4, 'no'),
(68, 5, 'no'),
(68, 6, 'no'),
(68, 7, 'sí'),
(68, 8, 'no'),
(68, 9, 'no'),
(68, 10, 'no'),
(68, 11, 'no'),
(69, 1, 'no'),
(69, 2, 'no'),
(69, 3, 'sí'),
(69, 4, 'no'),
(69, 5, 'no'),
(69, 6, 'no'),
(69, 7, 'sí'),
(69, 8, 'no'),
(69, 9, 'no'),
(69, 10, 'no'),
(69, 11, 'no'),
(70, 1, 'no'),
(70, 2, 'no'),
(70, 3, 'sí'),
(70, 4, 'no'),
(70, 5, 'no'),
(70, 6, 'sí'),
(70, 7, 'sí'),
(70, 8, 'no'),
(70, 9, 'no'),
(70, 10, 'no'),
(70, 11, 'no'),
(71, 1, 'no'),
(71, 2, 'no'),
(71, 3, 'sí'),
(71, 4, 'no'),
(71, 5, 'no'),
(71, 6, 'no'),
(71, 7, 'sí'),
(71, 8, 'no'),
(71, 9, 'no'),
(71, 10, 'no'),
(71, 11, 'no'),
(72, 1, 'no'),
(72, 2, 'no'),
(72, 3, 'sí'),
(72, 4, 'no'),
(72, 5, 'no'),
(72, 6, 'no'),
(72, 7, 'sí'),
(72, 8, 'no'),
(72, 9, 'no'),
(72, 10, 'no'),
(72, 11, 'no'),
(73, 1, 'no'),
(73, 2, 'no'),
(73, 3, 'no'),
(73, 4, 'no'),
(73, 5, 'no'),
(73, 6, 'no'),
(73, 7, 'sí'),
(73, 8, 'no'),
(73, 9, 'no'),
(73, 10, 'no'),
(73, 11, 'no'),
(74, 1, 'no'),
(74, 2, 'no'),
(74, 3, 'no'),
(74, 4, 'no'),
(74, 5, 'no'),
(74, 6, 'no'),
(74, 7, 'sí'),
(74, 8, 'no'),
(74, 9, 'no'),
(74, 10, 'no'),
(74, 11, 'no'),
(75, 1, 'no'),
(75, 2, 'no'),
(75, 3, 'no'),
(75, 4, 'no'),
(75, 5, 'no'),
(75, 6, 'no'),
(75, 7, 'sí'),
(75, 8, 'no'),
(75, 9, 'no'),
(75, 10, 'no'),
(75, 11, 'no'),
(76, 1, 'no'),
(76, 2, 'no'),
(76, 3, 'sí'),
(76, 4, 'no'),
(76, 5, 'no');

INSERT INTO personaje_pregunta (personaje_id, pregunta_id, respuesta_esperada) VALUES
(76, 6, 'sí'),
(76, 7, 'sí'),
(76, 8, 'no'),
(76, 9, 'no'),
(76, 10, 'no'),
(76, 11, 'no'),
(77, 1, 'no'),
(77, 2, 'no'),
(77, 3, 'sí'),
(77, 4, 'no'),
(77, 5, 'no'),
(77, 6, 'no'),
(77, 7, 'sí'),
(77, 8, 'no'),
(77, 9, 'no'),
(77, 10, 'no'),
(77, 11, 'no'),
(78, 1, 'no'),
(78, 2, 'no'),
(78, 3, 'no'),
(78, 4, 'no'),
(78, 5, 'no'),
(78, 6, 'no'),
(78, 7, 'sí'),
(78, 8, 'no'),
(78, 9, 'no'),
(78, 10, 'no'),
(78, 11, 'no');

